A/C Code-7,PARTICULARS,REVENUE FUND/CAPITAL FUND RS,REVENUE FUND/CAPITAL FUND RS_conf,,OPERATING EXPENSES,Amount,A / C Code - 4,Amount Current Year,Amount Previous Year,S CODE YEAR NO,ACCOUNT HEAD,REVISED BUDGET ESTIMATE,ELEMENTARY EDUCATION FUND,Percentage,CODE NO-/,LIABILITIES,ELEMENTARY EDUCATION FUND Rs,CODE NO 7,Code-7,Code-4,WATER SUPPLY AND DRAINAGE FUND RS,EPROGRAMME EXPENSES,classification,page_number
,A. PERSONNEL COST: i) SALARIES,,,,,,,,,,,,,,,,,,,,,,expense,1
2001,Pay including Personal Pay,"1,09,83,01,263.00",,,,,,,,,,,,,,,,,,,,,expense,1
2002,Special pay,"3,46,979.00",,,,,,,,,,,,,,,,,,,,,expense,1
2003,D.A,"21,17,72,259.00",,,,,,,,,,,,,,,,,,,,,expense,1
2004,Interim Relief,"5,54,168.00",,,,,,,,,,,,,,,,,,,,,expense,1
2005,H.R.A,"7,20,43,624.00",,,,,,,,,,,,,,,,,,,,,expense,1
2006,C.C.A,"1,16,67,165.00",,,,,,,,,,,,,,,,,,,,,expense,1
2007,Cash Allowance,213.00,,,,,,,,,,,,,,,,,,,,,expense,1
2008,Conveyance Allowance,"8,36,282.00",,,,,,,,,,,,,,,,,,,,,expense,1
2009,Medical Allowance,"1,11,96,167.00",,,,,,,,,,,,,,,,,,,,,expense,1
2010,Other Allowance,"1,10,15,512.00",,,,,,,,,,,,,,,,,,,,,expense,1
2011,Ex-Gratia/Bonus,"73,18,000.00",,,,,,,,,,,,,,,,,,,,,expense,1
,Total,"1,42,50,51,632.00",,,,,,,,,,,,,,,,,,,,,total expenses,1
,A. PERSONNEL COST ii) OTHERS,,,,,,,,,,,,,,,,,,,,,,expense,1
2012,Travel expense,"37,41,215.00",,,,,,,,,,,,,,,,,,,,,expense,1
2013,Leave Travel Concession,,,,,,,,,,,,,,,,,,,,,,expense,1
2014,Supply of Uniform,"60,36,217.00",,,,,,,,,,,,,,,,,,,,,expense,1
2025,Conveyance Charges,"72,019.00",,,,,,,,,,,,,,,,,,,,,expense,1
2024,Hospital Stoppages/ Reimbursement of Medi,,,,,,,,,,,,,,,,,,,,,,expense,1
2051,Training Programme-Expenses,"9,07,750.00",,,,,,,,,,,,,,,,,,,,,expense,1
2055,Staff Welfare expenses,"14,81,584.00",,,,,,,,,,,,,,,,,,,,,expense,1
,Total,"1,22,38,785.00",,,,,,,,,,,,,,,,,,,,,total expenses,1
,B. TERMINAL AND RETIREMENT BENEFITS:,,,,,,,,,,,,,,,,,,,,,,expense,1
2031,Pension (Superannuation/Retiring/ Invalid etc.,"49,13,28,540.00",,,,,,,,,,,,,,,,,,,,,expense,1
2032,Commuted Value Of Pension,"3,51,79,124.00",,,,,,,,,,,,,,,,,,,,,expense,1
2033,Death cum retirement Gratuity,"6,21,12,143.00",,,,,,,,,,,,,,,,,,,,,expense,1
2034,Special Provident Fund -cum-Gratuity Scheme,,,,,,,,,,,,,,,,,,,,,,expense,1
2035,Group Insurance Sheme -Management Contri,"1,03,97,735.00",,,,,,,,,,,,,,,,,,,,,expense,1
2039,Pension Contribution to Municipal Employees,"3,13,34,008.00",,,,,,,,,,,,,,,,,,,,,expense,1
2053,Pension and Leave Salary Contribution,,,,,,,,,,,,,,,,,,,,,,expense,1
,Total,"63,03,51,620.00",,,,,,,,,,,,,,,,,,,,,total expenses,1
2043,,,,,Expenditure on Food Sampling,,,,,,,,,,,,,,,,,,expense,2
2084,,,,,"Maintenance of Garden/Park 1,20,31,192.00",,,,,,,,,,,,,,,,,,expense,2
2086,,,,,Power charges for sewerage system / pumping,,,,,,,,,,,,,,,,,,expense,2
2088,,,,,"Power charges for Street Lights 21,54,530.00",,,,,,,,,,,,,,,,,,expense,2
2088,,,,,"Maintenance expenses for Street Lights 4,45,90,631.00",,,,,,,,,,,,,,,,,,expense,2
2090,,,,,"Wages 98,09,59,734.00",,,,,,,,,,,,,,,,,,expense,2
2091,,,,,Stores-written off,,,,,,,,,,,,,,,,,,expense,2
2092,,,,,Petrol / Diesel Evaporation,,,,,,,,,,,,,,,,,,expense,2
2096,,,,,"Removal Debris 8,39,630.00",,,,,,,,,,,,,,,,,,expense,2
2100,,,,,"Sanitary/Conservancy Expenses 69,93,40,321.00",,,,,,,,,,,,,,,,,,expense,2
2101,,,,,"Expenses on Sanitary Materials 6,75,03,146.00",,,,,,,,,,,,,,,,,,expense,2
2102,,,,,Pauper Charges,,,,,,,,,,,,,,,,,,expense,2
2107,,,,,"Cost of Medicines 30,22,221.00",,,,,,,,,,,,,,,,,,expense,2
2108,,,,,Rent on Buildings 90.00,,,,,,,,,,,,,,,,,,expense,2
2109,,,,,"Hospital Expenses other than Medicines 15,87,080.00",,,,,,,,,,,,,,,,,,expense,2
2110,,,,,Diet to Patients 500.00,,,,,,,,,,,,,,,,,,expense,2
2119,,,,,"Fodder (Animal Feed) 63,36,347.00",,,,,,,,,,,,,,,,,,expense,2
2120,,,,,Zoological Garden - Maintenance,,,,,,,,,,,,,,,,,,expense,2
2121,,,,,Running of Libraries/ Reading Rooms,,,,,,,,,,,,,,,,,,expense,2
2087,,,,,"Power charges for Head Water works, Pumpin",,,,,,,,,,,,,,,,,,expense,2
2130,,,,,"Hire charges for supply of waters through priv 3,78,988.00",,,,,,,,,,,,,,,,,,expense,2
,,,,,"Total 1,81,87,44,410.00",,,,,,,,,,,,,,,,,,total expenses,2
,,,,,A/C Code-7 A/C Code-4 D.REPAIRS AND MAINTENANCE,,,,,,,,,,,,,,,,,,other,2
2016,,,,,"Light Vehicles-Maintenance 6,40,55,525.00",,,,,,,,,,,,,,,,,,expense,2
2049,,,,,"Maintenance of Office Buildings 22,05,880.00",,,,,,,,,,,,,,,,,,expense,2
2050,,,,,"Repairs and Maintenance of Office Tools and 4,42,651.00",,,,,,,,,,,,,,,,,,expense,2
2070,,,,,"Heavy Vehicles- Maintenance 21,06,55,420.00",,,,,,,,,,,,,,,,,,expense,2
2071,,,,,"Repairs and Maintenance-Roads and Pavemen 62,74,208.00",,,,,,,,,,,,,,,,,,expense,2
2072,,,,,"Repairs and Maintenance-Roads and Paveme 59,00,202.00",,,,,,,,,,,,,,,,,,expense,2
2073,,,,,"Repairs and Building - Buildings 2,22,74,755.00",,,,,,,,,,,,,,,,,,expense,2
2074,,,,,Repairs and Building - Subways and cause wa,,,,,,,,,,,,,,,,,,expense,2
2075,,,,,Repairs and Maintenance- Bridges and Flyove,,,,,,,,,,,,,,,,,,expense,2
2076,,,,,Repairs and Maintenance -Storm Water Drain,,,,,,,,,,,,,,,,,,expense,2
2077,,,,,"Repairs and Maintenance- Instruments, Plkan 24,53,647.00",,,,,,,,,,,,,,,,,,expense,2
2078,,,,,Restoration of Road Cuts,,,,,,,,,,,,,,,,,,expense,2
2079,,,,,"Maintenance of Nutritious Meal Centres 60,61,072.00",,,,,,,,,,,,,,,,,,expense,2
2080,,,,,Maintenance of Improvement of Slum Areas,,,,,,,,,,,,,,,,,,expense,2
2081,,,,,Maintenance Charges for Railway Leal Crosin,,,,,,,,,,,,,,,,,,expense,2
,,,,,Maintenance Charges-Reservoirs,,,,,,,,,,,,,,,,,,expense,2
2085,,,,,"Plants, Manure, Implements etc.,",,,,,,,,,,,,,,,,,,expense,2
2122,,,,,Maintenance of Lodging Houses/ Rest Houses,,,,,,,,,,,,,,,,,,expense,2
2123,,,,,Maintenance of Kalyana Mandapam / Comm,,,,,,,,,,,,,,,,,,expense,2
2124,,,,,Maintenance of Cinema Theatre,,,,,,,,,,,,,,,,,,expense,2
2126,,,,,Maintenance expenses- Water supply / Sewer,,,,,,,,,,,,,,,,,,expense,2
2126,,,,,Maintenance Expenses -Elementary Schools,,,,,,,,,,,,,,,,,,expense,2
2128,,,,,Royalty,,,,,,,,,,,,,,,,,,expense,2
2129,,,,,Maintenance Charges to TWAD Board/ Metr V,,,,,,,,,,,,,,,,,,expense,2
,,,,,"Total 32,14,04,751.00",,,,,,,,,,,,,,,,,,total expenses,2
,E. PROGRAMME EXPENSES,,,,,,,,,,,,,,,,,,,,,,other,3
2052,Professional Charges,,,,,"5,99,98,058.00",,,,,,,,,,,,,,,,,expense,3
2056,Exhibition expenses,,,,,"45,360.00",,,,,,,,,,,,,,,,,expense,3
2064,Expenses on opening Ceremonies,,,,,,,,,,,,,,,,,,,,,,expense,3
2065,Election expenses,,,,,"5,81,10,021.00",,,,,,,,,,,,,,,,,expense,3
2068,,,,,,,,,,,,,,,,,,,,,,,expense,3
2103,Fairs and festivals,,,,,,,,,,,,,,,,,,,,,,expense,3
2105,Improvements to Compost Yard,,,,,"3,35,33,878.00",,,,,,,,,,,,,,,,,expense,3
2106,Anti Filaria/ Anti Malaria Operations,,,,,"1,26,68,203.00",,,,,,,,,,,,,,,,,expense,3
,Total,,,,,"16,43,55,520.00",,,,,,,,,,,,,,,,,total expenses,3
,F. ADMINISTRATIVE EXPENSES,,,,,,,,,,,,,,,,,,,,,,other,3
2015,Telephone Charges,,,,,"28,60,368.00",,,,,,,,,,,,,,,,,expense,3
2017,Legal Expenses,,,,,"50,83,572.00",,,,,,,,,,,,,,,,,expense,3
2018,Stationery And printing,,,,,"1,75,76,226.00",,,,,,,,,,,,,,,,,expense,3
2019,Advertisement Charges,,,,,"1,56,23,419.00",,,,,,,,,,,,,,,,,expense,3
2020,Other Expenses,,,,,"3,84,10,571.00",,,,,,,,,,,,,,,,,expense,3
2024,M.O Commission (Pension),,,,,,,,,,,,,,,,,,,,,,expense,3
2026,Computer Operational Expenses,,,,,"1,72,08,038.00",,,,,,,,,,,,,,,,,expense,3
2040,Mucipal Contribution to other Funds/ Schemes,,,,,,,,,,,,,,,,,,,,,,expense,3
2046,Books and Periodicals and Magazines,,,,,"1,50,474.00",,,,,,,,,,,,,,,,,expense,3
2047,Postage and Telegrams and fax Charges,,,,,"5,17,660.00",,,,,,,,,,,,,,,,,expense,3
2048,Electricity Consumption Charges for office Bu,,,,,"5,89,79,000.00",,,,,,,,,,,,,,,,,expense,3
2054,Contributions,,,,,"4,37,19,043.00",,,,,,,,,,,,,,,,,expense,3
2061,Sitting fees/Honorarium for the Councillors,,,,,"78,400.00",,,,,,,,,,,,,,,,,expense,3
2062,Council Department_travel Expenses,,,,,,,,,,,,,,,,,,,,,,expense,3
2063,Expenses on Hospitality/Entertainment,,,,,"9,68,053.00",,,,,,,,,,,,,,,,,expense,3
2095,Survey Charges,,,,,,,,,,,,,,,,,,,,,,expense,3
,Total,,,,,"14,30,85,623.00",,,,,,,,,,,,,,,,,total expenses,3
,G. FINANCE EXPENSES,,,,,,,,,,,,,,,,,,,,,,other,3
2021,Property Tax- Vacancy Remission,,,,,,,,,,,,,,,,,,,,,,expense,3
2022,Provision for Doubtful Collection of Revenue It,,,,,"1,27,09,02,351.00",,,,,,,,,,,,,,,,,expense,3
2023,Irrecoverable Revenue Items_Written off,,,,,,,,,,,,,,,,,,,,,,expense,3
2027,Interest Charged by the Bank,,,,,,,,,,,,,,,,,,,,,,expense,3
2028,Bank Charges,,,,,"63,256.46",,,,,,,,,,,,,,,,,expense,3
2029,Interest on Loans /ways and Means Advance,,,,,"3,12,02,767.00",,,,,,,,,,,,,,,,,expense,3
2030,Lapsed Deposit- Refund,,,,,"2,43,658.00",,,,,,,,,,,,,,,,,expense,3
2036,Audit Fees,,,,,"79,49,083.00",,,,,,,,,,,,,,,,,expense,3
,Total,,,,,"1,31,03,61,115.46",,,,,,,,,,,,,,,,,total expenses,3
,H. DEPRECIATION,,,,,,,,,,,,,,,,,,,,,,other,3
2037,Loss on Sale of Assets,,,,,,,,,,,,,,,,,,,,,,expense,3
2038,Depreciation,,,,,"2,24,20,90,477.00",,,,,,,,,,,,,,,,,expense,3
,Total,,,,,"2,24,20,90,477.00",,,,,,,,,,,,,,,,,total expenses,3
1001,Property Tax for General Purpose,,,,,"1,00,88,71,305.00",,,,,,,,,,,,,,,,,revenue,4
1002,Water supply and Drainage tax,,,,,-,,,,,,,,,,,,,,,,,revenue,4
1003,Education Tax,,,,,-,,,,,,,,,,,,,,,,,revenue,4
1005,Excess Remittance-(Excess collection) Proper,,,,,-,,,,,,,,,,,,,,,,,revenue,4
,Total,,,,,"1,00,88,71,305.00",,,,,,,,,,,,,,,,,total revenue,4
1006,Profession Tax,,,,,"28,69,44,726.00",,,,,,,,,,,,,,,,,revenue,4
1007,Pilgrim Tax,,,,,-,,,,,,,,,,,,,,,,,revenue,4
1008,Tax on Carriages and Animals,,,,,-,,,,,,,,,,,,,,,,,revenue,4
1009,Tax on carts,,,,,-,,,,,,,,,,,,,,,,,revenue,4
1010,Servant tax,,,,,-,,,,,,,,,,,,,,,,,revenue,4
1011,Advertisement Tax,,,,,-,,,,,,,,,,,,,,,,,revenue,4
,Total,,,,,"28,69,44,726.00",,,,,,,,,,,,,,,,,total revenue,4
1046,Duty on transfer of Property,,,,,"40,08,61,530.00",,,,,,,,,,,,,,,,,revenue,4
1047,Entertainment Tax,,,,,"2,96,88,501.72",,,,,,,,,,,,,,,,,revenue,4
1048,Magisterial Fines,,,,,"5,91,55,789.00",,,,,,,,,,,,,,,,,revenue,4
1049,Compensation for Toll,,,,,-,,,,,,,,,,,,,,,,,revenue,4
1050,Assignment Revenue,,,,,-,,,,,,,,,,,,,,,,,revenue,4
,Total,,,,,"48,97,05,820.72",,,,,,,,,,,,,,,,,total revenue,4
1053,Devolution Fund,,,,,"1,16,37,19,576.00",,,,,,,,,,,,,,,,,revenue,4
,Total,,,,,"1,16,37,19,576.00",,,,,,,,,,,,,,,,,total revenue,4
1016,Fees under Places of Public Resorts Act,,,,,,,,,,,,,,,,,,,,,,revenue,4
1017,Trade Licence Fees,,,,,"4,42,71,908.52",,,,,,,,,,,,,,,,,revenue,4
1018,Licence Fees under PFA,,,,,"42,920.00",,,,,,,,,,,,,,,,,revenue,4
1019,Building Licence Fees,,,,,"21,28,11,267.00",,,,,,,,,,,,,,,,,revenue,4
1020,Encroachment Fees,,,,,"18,840.00",,,,,,,,,,,,,,,,,revenue,4
1021,Parking Fees,,,,,"1,03,39,335.00",,,,,,,,,,,,,,,,,revenue,4
1024,Private Market Fees,,,,,,,,,,,,,,,,,,,,,,revenue,4
1025,Advertisement Fees,,,,,"9,49,440.00",,,,,,,,,,,,,,,,,revenue,4
1026,Fees for Bays and other receipts in the Bus St,,,,,"31,38,316.00",,,,,,,,,,,,,,,,,revenue,4
1029,Survey Fees,,,,,"8,21,080.00",,,,,,,,,,,,,,,,,revenue,4
1032,Fees for fishery Rights,,,,,,,,,,,,,,,,,,,,,,revenue,4
1039,Fees on pay and use toilets,,,,,"80,15,742.00",,,,,,,,,,,,,,,,,revenue,4
1044,Other fees,,,,,"4,25,34,269.00",,,,,,,,,,,,,,,,,revenue,5
1054,Copy Application Fees,,,,,"39,45,631.00",,,,,,,,,,,,,,,,,revenue,5
1064,Receipts From Hospitals and Dispensaries,,,,,200.00,,,,,,,,,,,,,,,,,revenue,5
1081,Initial Amount for New water supply and drainage,,,,,-,,,,,,,,,,,,,,,,,revenue,5
1082,Water supply connection charges,,,,,-,,,,,,,,,,,,,,,,,revenue,5
1083,Metered/ tap water charges,,,,,-,,,,,,,,,,,,,,,,,revenue,5
1084,Charges for water supply through Lorries/ tank,,,,,-,,,,,,,,,,,,,,,,,revenue,5
1085,Septic tank cleaning charges,,,,,"10,28,598.00",,,,,,,,,,,,,,,,,revenue,5
1086,Sewerage connection charges,,,,,-,,,,,,,,,,,,,,,,,revenue,5
1101,SWM Fee,,,,,"20,02,28,640.00",,,,,,,,,,,,,,,,,revenue,5
,Total,,,,,"52,81,46,184.52",,,,,,,,,,,,,,,,,total revenue,5
,A/C Code-7 A/C Code-4 F. GRANTS AND CONTRIBUTION,,,,,,,,,,,,,,,,,,,,,,other,5
1051,Grants for Natural Calamities,,,,,"3,43,75,090.00",,,,,,,,,,,,,,,,,revenue,5
1052,Grants for Scheme Implementation,,,,,"22,60,92,372.00",,,,,,,,,,,,,,,,,revenue,5
1072,I.P.P (V) -Grant,,,,,-,,,,,,,,,,,,,,,,,revenue,5
1087,Specific maintenance grant/ Contribution for V,,,,,-,,,,,,,,,,,,,,,,,revenue,5
,Total,,,,,"26,04,67,462.00",,,,,,,,,,,,,,,,,total revenue,5
,A/C Code-7 A/C Code-4 G. SALE AND HIRE CHARGES,,,,,,,,,,,,,,,,,,,,,,other,5
1057,Profit in Sale of Assets,,,,,"5,99,026.00",,,,,,,,,,,,,,,,,revenue,5
1058,Hire charges,,,,,-,,,,,,,,,,,,,,,,,revenue,5
1059,Sale of Rubbish/Debris/Silt,,,,,-,,,,,,,,,,,,,,,,,revenue,5
1060,Sale of Compost Manurs,,,,,-,,,,,,,,,,,,,,,,,revenue,5
1061,Sale of Unserviceable stock and stores,,,,,-,,,,,,,,,,,,,,,,,revenue,5
1062,Sale of Scraps,,,,,"63,39,616.00",,,,,,,,,,,,,,,,,revenue,5
1063,Sale of Products,,,,,"12,75,671.00",,,,,,,,,,,,,,,,,revenue,5
,Total,,,,,"82,14,313.00",,,,,,,,,,,,,,,,,total revenue,5
,A/C Code-7 A/C Code-4 H. OTHER INCOME,,,,,,,,,,,,,,,,,,,,,,other,5
1015,,,,,,"5,41,203.00",,,,,,,,,,,,,,,,,revenue,5
1022,Market fees- Daily Market,,,,,"2,23,81,280.00",,,,,,,,,,,,,,,,,revenue,5
1023,Market fees- Weekly Market,,,,,"28,33,219.00",,,,,,,,,,,,,,,,,revenue,5
1027,Fees for slaughter house,,,,,"42,12,177.00",,,,,,,,,,,,,,,,,revenue,5
1028,Cart Stand/ Lorry Stand/ taxi Stand Fees,,,,,-,,,,,,,,,,,,,,,,,revenue,5
1030,Income From Cinema,,,,,-,,,,,,,,,,,,,,,,,revenue,5
1031,Development Charges,,,,,"24,58,77,323.76",,,,,,,,,,,,,,,,,revenue,5
1033,Rent on and Lease of Lands,,,,,"15,33,817.00",,,,,,,,,,,,,,,,,revenue,5
1034,Income from ferries,,,,,-,,,,,,,,,,,,,,,,,revenue,5
1035,Income from Fairs and Festivals,,,,,-,,,,,,,,,,,,,,,,,revenue,5
1036,Rent on Shopping Complex,,,,,"17,81,51,946.00",,,,,,,,,,,,,,,,,revenue,5
1037,Rent on community Hall,,,,,"20,17,051.00",,,,,,,,,,,,,,,,,revenue,5
1038,rent on Buildings,,,,,"39,56,225.00",,,,,,,,,,,,,,,,,revenue,5
1040,Rent from Travellers Bunglows and Rest Hous,,,,,-,,,,,,,,,,,,,,,,,revenue,5
1041,Road cut Restoration charges,,,,,"2,72,78,998.00",,,,,,,,,,,,,,,,,revenue,5
1042,Avenue Receipts,,,,,-,,,,,,,,,,,,,,,,,revenue,5
1043,Demolition charges for unauthorised construct,,,,,"9,01,67,294.00",,,,,,,,,,,,,,,,,revenue,5
1045,Other Income,,,,,"27,45,09,972.86",,,,,,,,,,,,,,,,,revenue,5
1055,Penalty and Bank Charges for Dishonoured Che,,,,,"3,68,440.00",,,,,,,,,,,,,,,,,revenue,5
1056,Law charges and Court Cost Recoveries,,,,,-,,,,,,,,,,,,,,,,,revenue,5
1065,Pension and Leave salary contribution,,,,,-,,,,,,,,,,,,,,,,,revenue,5
1408003,Miscellaneous recoveries,,,,,,1066,"27,89,579.00",,,,,,,,,,,,,,,revenue,6
1701001,Interest on Investments,,,,,,1067,"2,79,45,667.00",,,,,,,,,,,,,,,revenue,6
1701001,Interest from Bank,,,,,,1068,"3,76,89,293.60",,,,,,,,,,,,,,,revenue,6
,Project overhead Appropriation- expenses,,,,,,1059,"20,05,85,497.00",,,,,,,,,,,,,,,revenue,6
,Project overhead Appropriation- Interest,,,,,,1070,"6,88,765.00",,,,,,,,,,,,,,,revenue,6
1712001,Interest on staff advances,,,,,,1071,,,,,,,,,,,,,,,,revenue,6
1801001,Deposits Forfeited,,,,,,1073,,,,,,,,,,,,,,,,revenue,6
,Deposits-Lapsed,,,,,,,"10,52,67,792.00",,,,,,,,,,,,,,,revenue,6
1702001,Dividend on shares,,,,,,1075,"3,26,000.00",,,,,,,,,,,,,,,revenue,6
,Insurance Claim Amount,,,,,,1076,,,,,,,,,,,,,,,,revenue,6
1302001,Rent on Bunk stalls,,,,,,1077,,,,,,,,,,,,,,,,revenue,6
1308004,Garden/Park Receipts,,,,,,1078,"6,32,204.00",,,,,,,,,,,,,,,revenue,6
1407008,Income from Road Margin,,,,,,1079,"6,43,14,090.00",,,,,,,,,,,,,,,revenue,6
0,Cable TV Income,,,,,,1100,,,,,,,,,,,,,,,,revenue,6
,Total,,,,,,,"1,29,41,28,834.22",,,,,,,,,,,,,,,total revenue,6
,,,,,,,,,,,PERSONNEL COST (i) Salaries (ii) Others,,,,,,,,,,,,expense,7
,,,,,,,,,,,TERMINAL AND RETIREMENT BENEFITS,"170,681.00",,0.13,,,,,,,,,expense,7
,,,,,,,,,,,OPERATING EXPENSES,"15,769,149.00",,11.85,,,,,,,,,expense,7
,,,,,,,,,,,REPAIRS AND MAINTENANCE,"47,481,416.00",,35.67,,,,,,,,,expense,7
,,,,,,,,,,,PROGRAMME EXPENSES,"2,512,689.00",,1.89,,,,,,,,,expense,7
,,,,,,,,,,,ADMINISTRATIVE EXPENSES,"36,102,413.00",,27.12,,,,,,,,,expense,7
,,,,,,,,,,,FINANCE EXPENSES,"31,073,283.00",,23.35,,,,,,,,,expense,7
,,,,,,,,,,,DEPRECIATION,,,,,,,,,,,,expense,7
,,,,,,,,,,,TOTAL,"133,109,631.00",,100.01,,,,,,,,,total expenses,7
,,,,,,,,,,,PROPERTY TAX,"239,284,035.00",,96.00,,,,,,,,,revenue,7
,,,,,,,,,,,OTHER TAXES,,,,,,,,,,,,revenue,7
,,,,,,,,,,,ASSIGNED REVENUE,,,,,,,,,,,,revenue,7
,,,,,,,,,,,DEVOLUTION FUND,,,,,,,,,,,,revenue,7
,,,,,,,,,,,SERVICE CHARGES AND FEES,,,,,,,,,,,,revenue,7
,,,,,,,,,,,GRANTS AND CONTRIBUTION,,,,,,,,,,,,revenue,7
,,,,,,,,,,,SALE AND HIRE CHARGES,37.00,,,,,,,,,,,revenue,7
,,,,,,,,,,,OTHER INCOME,"9,948,829.00",,4.00,,,,,,,,,revenue,7
,,,,,,,,,,,TOTAL,"249,232,901.00",,100.00,,,,,,,,,total revenue,7
,,,,,,,,,,,ACCUMULATED SURPLUS,"116,123,270.00",,,,,,,,,,,net profit after tax,7
,,,,,,,,,,,,,,,,Accumulated surplus/deficit,"2,052,236,797.01",,,,,,other,8
,,,,,,,,,,,,,,,,Prior year Income,"14,798,079.31",,,,,,prior period incomes,8
,,,,,,,,,,,,,,,,Income and Expenditure account,"116,123,270.00",,,,,,other,8
,,,,,,,,,,,,,,,,,"2,183,158,146.32",,,,,,other,8
,,,,,,,,,,,,,,,,Prior Year Expenses,"6,937,183.74",,,,,,prior period expenses,8
,,,,,,,,,,,,,,,,Income and Expenditure account,,,,,,,other,8
,,,,,,,,,,,,,,,,Accumulated surplus/deficit,"2,176,220,962.58",,,,,,other,8
,,,,,,,,,,,,,,,,LIABILITIES,,,,,,,other,8
,,,,,,,,,,,,,,,4003,Ways and means Advance,,,,,,,other,8
,,,,,,,,,,,,,,,4004,Loans from the Government,,,,,,,other,8
,,,,,,,,,,,,,,,4009,Overdraft from..................Bank,,,,,,,other,8
,,,,,,,,,,,,,,,4005,Loans from HUDCO,,,,,,,other,8
,,,,,,,,,,,,,,,4006,Loans from TUFIDCO,,,,,,,other,8
,,,,,,,,,,,,,,,4007,Loans from TNUDF,,,,,,,other,8
,,,,,,,,,,,,,,,4008,Loans from..................Bank,,,,,,,other,8
,,,,,,,,,,,,,,,4010,Diversion from other municipal fund,,,,,,,other,8
,,,,,,,,,,,,,,,4011,Contribution from Municipal Fund,"30,000.00",,,,,,other,8
,,,,,,,,,,,,,,,4012,Contribution from private parties,,,,,,,other,8
,,,,,,,,,,,,,,,4013,Contributions from Government,"1,356,000.00",,,,,,other,8
,,,,,,,,,,,,,,,4014,Grants from the Government,,,,,,,other,8
,,,,,,,,,,,,,,,4078-86,Accumulated depreciation account ->,"403,348,675.00",,,,,,other,8
,,,,,,,,,,,,,,,4001,Accumulated surplus/deficit,"2,176,220,962.58",,,,,,other,8
,,,,,,,,,,,,,,,4002,Income and Expenditure account,,,,,,,other,8
,,,,,,,,,,,,,,,,CURRENT LIABILITIES,,,,,,,other,8
,,,,,,,,,,,,,,,4916,Tender Deposit-Contractors,"16,764,731.00",,,,,,other,8
,,,,,,,,,,,,,,,4017,Tender Deposit-Suppliers,,,,,,,other,8
,,,,,,,,,,,,,,,4020,Deposits- others,"10,562,189.00",,,,,,other,8
,,,,,,,,,,,,,,,4018,"Security Deposit-Revenue (Lease, Auction, Bids, Serviceing etc.)",,,,,,,other,8
,,,,,,,,,,,,,,,,,,,,,,,other,9
,,,,,,,,,,,,,,,,,,,,,,,other,9
,,,,,,,,,,,,,,,,,,,,,,,other,9
,,,,,,,,,,,,,,,,,,,,,,,other,9
,,,,,,,,,,,,,,,,,,,,,,,other,9
,,,,,,,,,,,,,,,,,,,,,,,expense,9
,,,,,,,,,,,,,,,,,,,,,,,expense,9
,,,,,,,,,,,,,,,,,,,,,,,expense,9
,,,,,,,,,,,,,,,,,,,,,,,expense,9
,,,,,,,,,,,,,,,,,,,,,,,expense,9
,,,,,,,,,,,,,,,,,,,,,,,expense,9
,,,,,,,,,,,,,,,,,,,,,,,expense,9
,,,,,,,,,,,,,,,,,,,,,,,expense,9
,,,,,,,,,,,,,,,,,,,,,,,total expenses,9
,,,,,,,,,,,,,,,,,,,,,,,other,9
,,,,,,,,,,,,,,,,,,,,,,,revenue,9
,,,,,,,,,,,,,,,,,,,,,,,revenue,9
,,,,,,,,,,,,,,,,,,,,,,,revenue,9
,,,,,,,,,,,,,,,,,,,,,,,revenue,9
,,,,,,,,,,,,,,,,,,,,,,,revenue,9
,,,,,,,,,,,,,,,,,,,,,,,revenue,9
,,,,,,,,,,,,,,,,,,,,,,,revenue,9
,,,,,,,,,,,,,,,,,,,,,,,revenue,9
,,,,,,,,,,,,,,,,,,,,,,,total revenue,9
,,,,,,,,,,,,,,,,,,,,,,,profit after tax,9
,,,,,,,,,,,,,,,,,,,,,,,other,9
,,,,,,,,,,,,,,,,,,,,,,,other,9
,Accumulated surplus/deficit,,,,,"4,59,16,14,554.02",,,,,,,,,4001,,,3109001,,,,,brought forward,10
,ADD,,,,,,,,,,,,,,,,,,,,,,other,10
,Income and Expenditure account,,,,,"(64,10,12,805.70)",,,,,,,,,4002,,,3109002,,,,,net profit after tax,10
,Prior year Income,,,,,"35,98,05,819.96",,,,,,,,,1088,,,2804001,,,,,prior period incomes,10
,,,,,,"4,31,04,07,568.28",,,,,,,,,,,,,,,,,other,10
,LESS,,,,,,,,,,,,,,,,,,,,,,other,10
,Prior Year Expenses,,,,,"6,96,31,268.44",,,,,,,,,2041,,,2808001,,,,,prior period expenses,10
,Net Deficit,,,,,,,,,,,,,,4002,,,3109002,,,,,net profit after tax,10
,Balance,,,,,"4,24,07,76,299.84",,,,,,,,,4001,,,3109001,,,,,transfer to balance sheet,10
,COIMBATORE CORPORATION: COIMBATORE,,,,,,,,,,,,,,,,,,,,,,other,11
,Accounts for the year ended on 31.03.2022-F3,,,,,,,,,,,,,,,,,,,,,,other,11
,SCHEDULE TO,,,,,,,,,,,,,,,,,,,,,,other,11
,INCOME AND EXPENDITURE ACCOUNT FOR THE YEAR ENDED ON 31 ST MARCH 2022,,,,,,,,,,,,,,,,,,,,,,other,11
,EXPENDITURE,,,,,,,,,,,,,,,,,,,,,,other,11
,WATER SUPPLY AND DRAINAGE FUND RS,,,,,,,,,,,,,,,,,,,,,,other,11
,A. PERSONNEL COST:,,,,,,,,,,,,,,,,,,,,,,expense,11
,i) SALARIES,,,,,,,,,,,,,,,,,,,,,,expense,11
,Pay including Personal Pay,,,,,,,,,,,,,,,,,,2101001,2001,"7,42,54,305.00",,expense,11
,Special pay,,,,,,,,,,,,,,,,,,0,2002,,,expense,11
,D.A,,,,,,,,,,,,,,,,,,2101004,2003,"1,42,71,194.00",,expense,11
,Interim Relief,,,,,,,,,,,,,,,,,,2101014,2004,,,expense,11
,H.R.A,,,,,,,,,,,,,,,,,,2101005,2005,"50,48,307.00",,expense,11
,C.C.A,,,,,,,,,,,,,,,,,,2101006,2006,"7,63,701.00",,expense,11
,Cash Allowance,,,,,,,,,,,,,,,,,,,2007,,,expense,11
,Conveyance Allowance,,,,,,,,,,,,,,,,,,,2008,,,expense,11
,Medical Allowance,,,,,,,,,,,,,,,,,,2101007,2009,"6,63,576.00",,expense,11
,Other Allowance,,,,,,,,,,,,,,,,,,2101008,2010,"5,71,561.00",,expense,11
,Ex-Gratia/Bonus,,,,,,,,,,,,,,,,,,2101011,2011,"5,56,500.00",,expense,11
,Total,,,,,,,,,,,,,,,,,,,,"9,61,29,144.00",,total expenses,11
,A. PERSONNEL COST,,,,,,,,,,,,,,,,,,,,,,expense,11
,ii) OTHERS,,,,,,,,,,,,,,,,,,,,,,expense,11
,Travel expense,,,,,,,,,,,,,,,,,,2203001,2012,"4,308.00",,expense,11
,Leave Travel Concession,,,,,,,,,,,,,,,,,,2102001,2013,,,expense,11
,Supply of Uniform,,,,,,,,,,,,,,,,,,2102003,2014,"31,950.00",,expense,11
,Conveyance Charges,,,,,,,,,,,,,,,,,,2203002,2025,,,expense,11
,Hospital Stoppages/ Reimbursement of Med,,,,,,,,,,,,,,,,,,2102004,2042,,,expense,11
,Training Programme-Expenses,,,,,,,,,,,,,,,,,,2102005,2051,,,expense,11
,Staff Welfare expenses,,,,,,,,,,,,,,,,,,2102007,2055,"15,246.00",,expense,11
,Total,,,,,,,,,,,,,,,,,,,,"51,504.00",,total expenses,11
,B. TERMINAL AND RETIREMENT BENEFITS:,,,,,,,,,,,,,,,,,,,,,,expense,11
,Pension (Superannuation/Retiring/ Invalid etc,,,,,,,,,,,,,,,,,,2103001,2031,,,expense,11
,Commuted Value Of Pension,,,,,,,,,,,,,,,,,,2102015,2032,,,expense,11
,Death cum retirement Gratuity,,,,,,,,,,,,,,,,,,2104002,2033,,,expense,11
,Special Provident Fund -cum-Gratuity Schem,,,,,,,,,,,,,,,,,,2104003,2034,,,expense,11
,Group Insurance Sheme -Management Cont,,,,,,,,,,,,,,,,,,2102014,2035,,,expense,11
,Pension Contribution to Municipal Employee,,,,,,,,,,,,,,,,,,2103003,2039,,,expense,11
,Pension and Leave Salary Contribution,,,,,,,,,,,,,,,,,,2103006,2053,,,expense,11
,Total,,,,,,,,,,,,,,,,,,,,,,total expenses,11
,,,,,Expenditure on Food Sampling,,,,,,,,,,,,,,0,2043,,,expense,12
,,,,,Maintenance of Garden/Park,,,,,,,,,,,,,,2305101,2084,,,expense,12
,,,,,Power charges for sewerage system / pumping,,,,,,,,,,,,,,2301005,2086,,,expense,12
,,,,,"4,32,92,081.00",,,,,,,,,,,,,,,,,,expense,12
,,,,,"Power charges for Head Water works, Pump",,,,,,,,,,,,,,2301007,2087,,,expense,12
,,,,,"9,46,87,295.00",,,,,,,,,,,,,,,,,,expense,12
,,,,,Power charges for Street Lights,,,,,,,,,,,,,,2301008,2088,,,expense,12
,,,,,Maintenance expenses for Street Lights,,,,,,,,,,,,,,2305007,2089,,,expense,12
,,,,,Wages,,,,,,,,,,,,,,0,2090,,,expense,12
,,,,,"21,79,600.00",,,,,,,,,,,,,,,,,,expense,12
,,,,,Stores-written off,,,,,,,,,,,,,,2740001,2091,,,expense,12
,,,,,Petrol / Diesel Evaporation,,,,,,,,,,,,,,0,2096,,,expense,12
,,,,,Removal Debris,,,,,,,,,,,,,,2308003,2096,,,expense,12
,,,,,Sanitary/Conservancy Expenses,,,,,,,,,,,,,,2305104,2100,,,expense,12
,,,,,Expenses on Sanitary Materials,,,,,,,,,,,,,,2305005,2101,,,expense,12
,,,,,Pauper Charges,,,,,,,,,,,,,,2303005,2102,,,expense,12
,,,,,Cost of Medicines,,,,,,,,,,,,,,2303004,2107,,,expense,12
,,,,,Rent on Buildings,,,,,,,,,,,,,,2201001,2108,,,expense,12
,,,,,Hospital Expenses other than Medicines,,,,,,,,,,,,,,,2109,,,expense,12
,,,,,Diet to Patients,,,,,,,,,,,,,,2303006,2110,,,expense,12
,,,,,Fodder (Animal Feed),,,,,,,,,,,,,,,2119,,,expense,12
,,,,,Zoological Garden - Maintenance,,,,,,,,,,,,,,2305105,2120,,,expense,12
,,,,,Running of Libraries/ Reading Rooms,,,,,,,,,,,,,,,2121,,,expense,12
,,,,,Hire charges for supply of waters through priv,,,,,,,,,,,,,,2304001,2130,,,expense,12
,,,,,"11,72,500.00",,,,,,,,,,,,,,,,,,expense,12
,,,,,Total,,,,,,,,,,,,,,,,,,total expenses,12
,,,,,"14,13,31,476.00",,,,,,,,,,,,,,,,,,total expenses,12
,,,,,,,,,,,,,,,,,,,,,,,other,12
,,,,,D.REPAIRS AND MAINTENANCE,,,,,,,,,,,,,,,,,,other,12
,,,,,Books and Periodicals and Magazines,,,,,,,,,,,,,,2202001,2046,,,expense,12
,,,,,Repairs and Maintenance of Office Tools and,,,,,,,,,,,,,,2305002,2050,,,expense,12
,,,,,Heavy Vehicles- Maintenance,,,,,,,,,,,,,,2305006,2070,,,expense,12
,,,,,"55,32,369.00",,,,,,,,,,,,,,,,,,expense,12
,,,,,Light Vehicles-Maintenance,,,,,,,,,,,,,,2305301,2016,,,expense,12
,,,,,Maintenance of Office Buildings,,,,,,,,,,,,,,2305201,2049,,,expense,12
,,,,,Repairs and Building - Buildings,,,,,,,,,,,,,,2305202,2073,,,expense,12
,,,,,Repairs and Maintenance - Storm Water Drain,,,,,,,,,,,,,,2305004,2076,,,expense,12
,,,,,"1,66,83,507.00",,,,,,,,,,,,,,,,,,expense,12
,,,,,Repairs and Maintenance-Roads and Pavem,,,,,,,,,,,,,,2305001,2071,,,expense,12
,,,,,Repairs and Maintenance-Roads and Pavem,,,,,,,,,,,,,,2305003,2072,,,expense,12
,,,,,Repairs and Building - Subways and causew,,,,,,,,,,,,,,2305004,2074,,,expense,12
,,,,,Repairs and Maintenance- Bridges and Flyov,,,,,,,,,,,,,,2305005,2075,,,expense,12
,,,,,Maintenance of Improvement of Slum Areas,,,,,,,,,,,,,,2308002,2080,,,expense,12
,,,,,Maintenance Charges for Railway Leval Cros,,,,,,,,,,,,,,2308001,2081,,,expense,12
,,,,,"Plants, Manure, Implements etc.,",,,,,,,,,,,,,,2305103,2085,,,expense,12
,,,,,Restoration of Road Cuts,,,,,,,,,,,,,,2305103,2078,,,expense,12
,,,,,"1,67,83,000.00",,,,,,,,,,,,,,,,,,expense,12
,,,,,Maintenance of Nutritious Meal Centres,,,,,,,,,,,,,,2305109,2079,,,expense,12
,,,,,"50,68,600.00",,,,,,,,,,,,,,,,,,expense,12
,,,,,Maintenance of Improvement of Slum Areas,,,,,,,,,,,,,,2308006,2080,,,expense,12
,,,,,Maintenance Charges for Railway Leval Cros,,,,,,,,,,,,,,2308001,2081,,,expense,12
,,,,,"Plants, Manure, Implements etc.,",,,,,,,,,,,,,,2305103,2085,,,expense,12
,,,,,Petrol / Diesel Evaporation,,,,,,,,,,,,,,0,,,,expense,12
,,,,,Maintenance Expenses -Elementary Schools,,,,,,,,,,,,,,2305109,2126,,,expense,12
,,,,,Maintenance expenses- Water supply / Sewer,,,,,,,,,,,,,,2305109,2125,,,expense,12
,,,,,"96,06,24,650.00",,,,,,,,,,,,,,,,,,expense,12
,,,,,Royalty,,,,,,,,,,,,,,2201002,2128,,,expense,12
,,,,,Maintenance Charges to TWAD Board/ Metr,,,,,,,,,,,,,,2305011,2129,,,expense,12
,,,,,"32,76,94,439.00",,,,,,,,,,,,,,,,,,expense,12
,,,,,Total,,,,,,,,,,,,,,,,,,total expenses,12
,,,,,"1,32,73,68,825.00",,,,,,,,,,,,,,,,,,total expenses,12
,,,,,,"3,32,00,518.00",,,,,,,,,,,,,0,2052,,Professional Charges,expense,13
,,,,,,,,,,,,,,,,,,,2206003,2055,,Exhibition expenses,expense,13
,,,,,,,,,,,,,,,,,,,2501001,2065,,Election expenses,expense,13
,,,,,,,,,,,,,,,,,,,2308004,2103,,Fairs and festivals,expense,13
,,,,,,,,,,,,,,,,,,,,2105,,Improvements to Compost Yard,expense,13
,,,,,,,,,,,,,,,,,,,,2106,,Anti Filaria/ Anti Malaria Operations,expense,13
,,,,,,,,,,,,,,,,,,,2308007,2064,,Expenses on opening Ceremonies,expense,13
,,,,,,"3,32,00,518.00",,,,,,,,,,,,,,,,Total,total expenses,13
,,,,,,"2,13,807.00",,,,,,,,,,,,,2201201,2015,,Telephone Charges,expense,13
,,,,,,,,,,,,,,,,,,,2305301,2016,,Light Vehicles-Maintenance,expense,13
,,,,,,"79,596.00",,,,,,,,,,,,,2202101,2018,,Stationery And printing,expense,13
,,,,,,,,,,,,,,,,,,,2205101,2017,,Legal Expenses,expense,13
,,,,,,,,,,,,,,,,,,,,2019,,Advertisement Charges,expense,13
,,,,,,"4,000.00",,,,,,,,,,,,,2208003,2020,,Other Expenses,expense,13
,,,,,,,,,,,,,,,,,,,,2024,,M.O Commission (Pension),expense,13
,,,,,,,,,,,,,,,,,,,,2026,,Computer Operational Expenses,expense,13
,,,,,,,,,,,,,,,,,,,,2040,,Mucipal Contribution to other Funds/ Scheme,expense,13
,,,,,,,,,,,,,,,,,,,2202003,2046,,Books and Periodicals and Magazines,expense,13
,,,,,,,,,,,,,,,,,,,,2047,,Postage and Telegrams and fax Charges,expense,13
,,,,,,,,,,,,,,,,,,,2201101,2048,,Electricity Consumption Charges for office B,expense,13
,,,,,,,,,,,,,,,,,,,,2053,,Pension and Leave Salary Contribution,expense,13
,,,,,,"59,11,807.00",,,,,,,,,,,,,,2054,,Contributions,expense,13
,,,,,,,,,,,,,,,,,,,2208004,2061,,Sitting fees/Honorarium for the Councillors,expense,13
,,,,,,,,,,,,,,,,,,,,2062,,Council Department travel Expense,expense,13
,,,,,,,,,,,,,,,,,,,2206002,2063,,Expenses on Hospitality/Entertainment,expense,13
,,,,,,,,,,,,,,,,,,,2101015,2095,,Survey Charges,expense,13
,,,,,,"62,09,210.00",,,,,,,,,,,,,,,,Total,total expenses,13
,,,,,,,,,,,,,,,,,,,1109001,2021,,Property Tax- Vacancy Remission,expense,13
,,,,,,"37,06,66,159.00",,,,,,,,,,,,,2701001,2022,,Provision for Doubtful Collection of Revenue,expense,13
,,,,,,,,,,,,,,,,,,,2703001,2023,,Irrecoverable Revenue Items _Written off,expense,13
,,,,,,,,,,,,,,,,,,,2401001,2027,,Interest Charged by the Bank,expense,13
,,,,,,"7,603.90",,,,,,,,,,,,,2407001,2028,,Bank Charges,expense,13
,,,,,,"16,57,60,744.00",,,,,,,,,,,,,2406001,2029,,Interest on Loans /ways and Means Advanc,expense,13
,,,,,,,,,,,,,,,,,,,2308016,2030,,Lapsed Deposit- Refund,expense,13
,,,,,,"6,70,703.00",,,,,,,,,,,,,2205001,2036,,Audit Fees,expense,13
,,,,,,"53,71,05,209.90",,,,,,,,,,,,,,,,Total,total expenses,13
,,,,,,,,,,,,,,,,,,,2711001,2037,,Loss on Sale of Assets,expense,13
,,,,,,"31,96,70,421.00",,,,,,,,,,,,,2722001,2038,,Depreciation,expense,13
,,,,,,"31,96,70,421.00",,,,,,,,,,,,,,,,Total,total expenses,13
,COIMBATORE CORPORATION: COIMBATORE Accounts for the year ended on 31.03.2022-F3 SCHEDULE TO INCOME AND EXPENDITURE ACCOUNT FOR THE YEAR ENDED ON 31 ST MARCH 2022,,,,,,,,,,,,,,,,,,,,,,other,14
,INCOME,,,,,,,,,,,,,,,,,,,,,,other,14
,A. PROPERTY TAX,,,,,,,,,,,,,,,,,,,,,,revenue,14
,Property Tax for General Purpose,,,,,,,,,,,,,,,,,,1100101,1001,,,revenue,14
,Water supply and Drainage tax,,,,,"76,34,31,556.00",,,,,,,,,,,,,1100201,1002,,,revenue,14
,Education Tax,,,,,,,,,,,,,,,,,,1100601,1003,,,revenue,14
,Excess Remittance-(Excess collection) Prop,,,,,,,,,,,,,,,,,,0,1005,,,revenue,14
,Total,,,,,"76,34,31,556.00",,,,,,,,,,,,,,,,,total revenue,14
,B. OTHER TAXES,,,,,,,,,,,,,,,,,,,,,,revenue,14
,Profession Tax,,,,,,,,,,,,,,,,,,1101001,1006,,,revenue,14
,Pilgrim Tax,,,,,,,,,,,,,,,,,,1101201,1007,,,revenue,14
,Tax on Carriages and Animals,,,,,,,,,,,,,,,,,,1100801,1008,,,revenue,14
,Tax on carts,,,,,,,,,,,,,,,,,,1100801,1009,,,revenue,14
,Servant tax,,,,,,,,,,,,,,,,,,1108002,1010,,,revenue,14
,Advertisement Tax,,,,,,,,,,,,,,,,,,1101101,1011,,,revenue,14
,Total,,,,,,,,,,,,,,,,,,,,,,total revenue,14
,C. ASSIGNED REVENUE,,,,,,,,,,,,,,,,,,,,,,revenue,14
,Duty on transfer of Property,,,,,,,,,,,,,,,,,,1201001,1046,,,revenue,14
,Entertainment Tax,,,,,,,,,,,,,,,,,,1201002,1047,,,revenue,14
,Magisterial Fines,,,,,"36,83,720.00",,,,,,,,,,,,,1402002,1048,,,revenue,14
,Compensation for Toll,,,,,,,,,,,,,,,,,,1202001,1049,,,revenue,14
,Assignment Revenue,,,,,,,,,,,,,,,,,,,1050,,,revenue,14
,Total,,,,,"36,83,720.00",,,,,,,,,,,,,,,,,total revenue,14
,D. DEVOLUTION FUND,,,,,,,,,,,,,,,,,,,,,,revenue,14
,Devolution Fund,,,,,,,,,,,,,,,,,,1601004,1053,,,revenue,14
,Total,,,,,,,,,,,,,,,,,,,,,,total revenue,14
,E. SERVICE CHARGES AND FEES,,,,,,,,,,,,,,,,,,,,,,revenue,14
,Fees under Places of Public Resorts Act,,,,,,,,,,,,,,,,,,1401202,1016,,,revenue,14
,Trade Licence Fees,,,,,,,,,,,,,,,,,,1401101,1017,,,revenue,14
,Licence Fees under PFA,,,,,,,,,,,,,,,,,,1401102,1018,,,revenue,14
,Building Licence Fees,,,,,,,,,,,,,,,,,,1401103,1019,,,revenue,14
,Encroachment Fees,,,,,,,,,,,,,,,,,,1405101,1020,,,revenue,14
,Parking Fees,,,,,,,,,,,,,,,,,,1308003,1021,,,revenue,14
,Private Market Fees,,,,,,,,,,,,,,,,,,1301005,1024,,,revenue,14
,Advertisement Fees,,,,,,,,,,,,,,,,,,1404001,1025,,,revenue,14
,Fees for Bays and other receipts in the Bus S,,,,,,,,,,,,,,,,,,1301006,1026,,,revenue,15
,Survey Fees,,,,,,,,,,,,,,,,,,1404002,1029,,,revenue,15
,Fees for fishery Rights,,,,,,,,,,,,,,,,,,1401201,1032,,,revenue,15
,Fees on pay and use toilets,,,,,"2,63,635.00",,,,,,,,,,,,,1308005,1039,,,revenue,15
,Copy Application Fees,,,,,,,,,,,,,,,,,,1403101,1054,,,revenue,15
,Receipts From Hospitals and Dispensaries,,,,,,,,,,,,,,,,,,1405001,1064,,,revenue,15
,Avenue Receipts,,,,,,,,,,,,,,,,,,1403103,1042,,,revenue,15
,Other fees,,,,,,,,,,,,,,,,,,1404004,1044,,,revenue,15
,Initial Amount for New water supply and drain,,,,,"17,97,15,080.00",,,,,,,,,,,,,1407004,1081,,,revenue,15
,Water supply connection charges,,,,,"2,73,31,212.00",,,,,,,,,,,,,1407004,1082,,,revenue,15
,Metered/ tap water charges,,,,,"48,90,87,862.09",,,,,,,,,,,,,1408003,1083,,,revenue,15
,Charges for water supply through Lorries/ tan,,,,,"4,740.00",,,,,,,,,,,,,1405005,1084,,,revenue,15
,Septic tank cleaning charges,,,,,"13,10,900.00",,,,,,,,,,,,,1405006,1085,,,revenue,15
,Sewerage connection charges,,,,,"15,42,74,000.00",,,,,,,,,,,,,1407005,1086,,,revenue,15
,Specific maintenance grant/ Contribution for,,,,,,,,,,,,,,,,,,0,1087,,,revenue,15
,Total,,,,,"85,21,86,111.09",,,,,,,,,,,,,,,,,total revenue,15
,Code-7 Code-4 F. GRANTS AND CONTRIBUTION,,,,,,,,,,,,,,,,,,,,,,other,15
,Grants for Natural Calamities,,,,,,,,,,,,,,,,,,1601002,1051,,,revenue,15
,Grants for Scheme Implementation,,,,,,,,,,,,,,,,,,1603001,1052,,,revenue,15
,I.P.P (V) -Grant,,,,,,,,,,,,,,,,,,3202001,1072,,,revenue,15
,Specific maintenance grant/ Contribution for,,,,,,,,,,,,,,,,,,0,1087,,,revenue,15
,,,,,,,,,,,,,,,,,,,,,,,other,15
,,,,,,,,,,,,,,,,,,,,,,,other,15
,Code-7 Code-4 G. SALE AND HIRE CHARGES,,,,,,,,,,,,,,,,,,,,,,other,15
,Profit in Sale of Astes,,,,,,,,,,,,,,,,,,1601001,1057,,,revenue,15
,Hire charges,,,,,,,,,,,,,,,,,,1504001,1058,,,revenue,15
,Sale of Rubbish/Debris/Silt,,,,,,,,,,,,,,,,,,1501001,1059,,,revenue,15
,Sale of Compost Manurs,,,,,,,,,,,,,,,,,,1501002,1060,,,revenue,15
,Sale of Unserviceable stock and stores,,,,,,,,,,,,,,,,,,1501201,1061,,,revenue,15
,Sale of Scraps,,,,,,,,,,,,,,,,,,1501202,1062,,,revenue,15
,Sale of Products,,,,,"1,689.00",,,,,,,,,,,,,1501003,1063,,,revenue,15
,Total,,,,,"1,689.00",,,,,,,,,,,,,,,,,total revenue,15
,Code-7 Code-4 H. OTHER INCOME,,,,,,,,,,,,,,,,,,,,,,other,15
,Market fees- Daily Market,,,,,,,,,,,,,,,,,,1301003,1022,,,revenue,15
,Market fees- Weekly Market,,,,,,,,,,,,,,,,,,1301004,1023,,,revenue,15
,Fees for slaughter house,,,,,,,,,,,,,,,,,,1401101,1027,,,revenue,15
,Cart Stand/ Lorry Stand/ taxi Stand Fees,,,,,,,,,,,,,,,,,,1401102,1028,,,revenue,15
,Income From Cinema,,,,,,,,,,,,,,,,,,1401203,1030,,,revenue,15
,Development Charges,,,,,,,,,,,,,,,,,,1404101,1031,,,revenue,15
,Rent on and Lease of Lands,,,,,,,,,,,,,,,,,,1304001,1033,,,revenue,15
,Income from ferries,,,,,,,,,,,,,,,,,,1304003,1034,,,revenue,15
,Income from Fairs and Festivals,,,,,,,,,,,,,,,,,,1404003,1035,,,revenue,15
,Rent on Shopping Complex,,,,,,,,,,,,,,,,,,1301005,1036,,,revenue,15
,Rent on community Hall,,,,,"19,332.00",,,,,,,,,,,,,1301002,1037,,,revenue,15
,,,,,,,,,,,,,,,,,,,,,,,other,17
,,,,,,,,,,,,,,,,,,,,,,,revenue,17
,,,,,,,,,,,,,,,,,,,,,,,revenue,17
,,,,,,,,,,,,,,,,,,,,,,,revenue,17
,,,,,,,,,,,,,,,,,,,,,,,revenue,17
,,,,,,,,,,,,,,,,,,,,,,,revenue,17
,,,,,,,,,,,,,,,,,,,,,,,revenue,17
,,,,,,,,,,,,,,,,,,,,,,,revenue,17
,,,,,,,,,,,,,,,,,,,,,,,revenue,17
,,,,,,,,,,,,,,,,,,,,,,,revenue,17
,,,,,,,,,,,,,,,,,,,,,,,revenue,17
,,,,,,,,,,,,,,,,,,,,,,,revenue,17
,,,,,,,,,,,,,,,,,,,,,,,revenue,17
,,,,,,,,,,,,,,,,,,,,,,,revenue,17
,,,,,,,,,,,,,,,,,,,,,,,revenue,17
,,,,,,,,,,,,,,,,,,,,,,,revenue,17
,,,,,,,,,,,,,,,,,,,,,,,revenue,17
,,,,,,,,,,,,,,,,,,,,,,,revenue,17
,,,,,,,,,,,,,,,,,,,,,,,revenue,17
,,,,,,,,,,,,,,,,,,,,,,,revenue,17
,,,,,,,,,,,,,,,,,,,,,,,revenue,17
,,,,,,,,,,,,,,,,,,,,,,,revenue,17
,,,,,,,,,,,,,,,,,,,,,,,revenue,17
,,,,,,,,,,,,,,,,,,,,,,,revenue,17
,,,,,,,,,,,,,,,,,,,,,,,revenue,17
,,,,,,,,,,,,,,,,,,,,,,,revenue,17
,,,,,,,,,,,,,,,,,,,,,,,revenue,17
,,,,,,,,,,,,,,,,,,,,,,,revenue,17
,,,,,,,,,,,,,,,,,,,,,,,revenue,17
,,,,,,,,,,,,,,,,,,,,,,,revenue,17
,,,,,,,,,,,,,,,,,,,,,,,revenue,17
,,,,,,,,,,,,,,,,,,,,,,,revenue,17
,,,,,,,,,,,,,,,,,,,,,,,revenue,17
,,,,,,,,,,,,,,,,,,,,,,,revenue,17
,,,,,,,,,,,,,,,,,,,,,,,revenue,17
,,,,,,,,,,,,,,,,,,,,,,,revenue,17
,,,,,,,,,,,,,,,,,,,,,,,revenue,17
,,,,,,,,,,,,,,,,,,,,,,,revenue,17
,,,,,,,,,,,,,,,,,,,,,,,revenue,17
,,,,,,,,,,,,,,,,,,,,,,,revenue,17
,,,,,,,,,,,,,,,,,,,,,,,revenue,17
,,,,,,,,,,,,,,,,,,,,,,,revenue,17
,,,,,,,,,,,,,,,,,,,,,,,revenue,17
,,,,,,,,,,,,,,,,,,,,,,,revenue,17
,,,,,,,,,,,,,,,,,,,,,,,total revenue,17
,,,,,,,,,,,,,,,,,,,,,,,other,17
,,,,,,,,,,,,,,,,,,,,,,,other,17
,,,,,,,,,,,,,,,,,,,,,,,other,17
,,,,,,,,,,,,,,,,,,,,,,,other,17
